X_final, Y_final, R_final
-1.867091838499372880e+00,3.154409863704713324e+00,3.665560464871444157e+00
-8.415440933480474728e-01,6.206799886172181147e+00,6.263590127717169942e+00
7.695163580742989673e-01,-8.131967822471233731e+00,8.168295788660659085e+00
1.349819609824583466e+01,5.513372055063782362e+00,1.458076024507149349e+01
-2.010615632671809982e-01,5.774822046067467518e+00,5.778321158950088687e+00
2.801707814240939953e+00,5.095762117455269191e+00,5.815183422220743026e+00
-7.536384664280577184e+00,-1.118040036744344601e+00,7.618865225987841328e+00
4.190361424007812197e+00,1.381735270507345348e+01,1.443877988751866326e+01
8.500583953971103668e+00,6.497373740195548031e+00,1.069933610455778172e+01
-2.681547911115394811e+00,1.099340071318906986e+00,2.898145578126605670e+00
2.065322840992863007e+00,2.907269160519658335e+00,3.566198593633774117e+00
8.496700507368483812e+00,-5.102893050709666589e+00,9.911278272700089431e+00
5.127502705184342702e+00,8.355907456746091810e+00,9.803696926026308489e+00
1.866277790563235506e+00,4.620006220894685711e-01,1.922612120621486120e+00
-6.452112024784110389e+00,5.809885640438757548e+00,8.682425970622507094e+00
-1.551523786813807781e+01,2.208680531140161385e+00,1.567165836130762990e+01
1.471819563058567315e+00,1.744345602906216541e+01,1.750543947074814355e+01
-8.897308241720454092e+00,9.200530459141905482e+00,1.279890052613054330e+01
-6.492921990466263615e+00,5.710151573790571256e+00,8.646610143284091166e+00
-1.403544385921587967e+01,-1.520030188491547918e+00,1.411751309895359796e+01
-6.985044159769859817e-03,7.899148443744232750e-01,7.899457273794087131e-01
-5.842089518949470595e+00,5.680885668754608986e+00,8.148771191344174269e+00
7.439612535588137732e+00,-4.915672693882529920e+00,8.916931799282895810e+00
2.540563794591459867e+00,2.345304300088692173e+00,3.457588271382737943e+00
5.624324623966115766e+00,-7.031707628448232050e+00,9.004328939334049764e+00
-1.155551245532244309e+01,1.404402601336415035e+00,1.164054185902669225e+01
1.295553596138449670e+00,2.875662044771301495e+00,3.154027792554392029e+00
6.995953464390949783e+00,-3.444403726612045524e+00,7.797902404353537875e+00
-6.634181684443766436e+00,1.737356668104459434e-01,6.636456185655956297e+00
4.314851071556942586e+00,-3.576275404980178596e+00,5.604256020381495063e+00
1.072956996713954947e+00,-5.963987133202927060e-01,1.227570015130514225e+00
8.650745144443000356e+00,1.479215333041770641e+01,1.713602029949462136e+01
-9.517869249014102806e+00,-6.086194890759886178e+00,1.129741577926739993e+01
-5.952799283505571637e+00,9.695226983476640248e-01,6.031234829810209419e+00
-1.009639364532690209e+01,7.535258446797838516e+00,1.259830482650088967e+01
5.203677654101223071e-01,9.088943704405329171e+00,9.103827781385541940e+00
-4.359253495780235355e+00,5.459312756259391275e-01,4.393305361362759953e+00
-3.139397586709096633e+00,8.642971728408991083e+00,9.195475925992738553e+00
-4.837379633046730021e+00,-6.803116874183233520e+00,8.347612887407510840e+00
4.484466068180956166e-01,4.297525845702544478e-01,6.211212789073300433e-01
1.027465571310350079e+01,-1.701829214325182527e+00,1.041464222609404366e+01
7.788843569116593590e-01,-3.283527738028958254e+00,3.374642980797710301e+00
9.918298414002244101e+00,9.972388813921266859e+00,1.406489182628936696e+01
1.198741343402025983e+00,4.575408918252285240e+00,4.729835893305796013e+00
-6.734741717857765764e+00,5.210528423306096002e+00,8.515066203872667217e+00
8.745450977589724673e+00,1.623831821568612721e+00,8.894927913488894333e+00
-7.255352074999286138e+00,3.846522959096556615e+00,8.211934766366168148e+00
-3.259538791694453153e+00,1.427581447659237135e+01,1.464320566353710973e+01
4.941992390657681256e+00,-5.220994757402441344e+00,7.189024624115722517e+00
4.865659821192614309e+00,-1.348633864662995840e-01,4.867528492836719067e+00
-5.110356187558783958e+00,-4.979053917308163157e+00,7.134894412335905045e+00
1.332204719967908790e+00,4.243167369844005776e+00,4.447385607794052120e+00
-2.604310252964312511e+00,-4.741212061007813450e-01,2.647115942260463317e+00
6.653995515049462739e+00,1.528173001136883968e+01,1.666754116403104646e+01
-4.376984782308797062e-01,9.970844038304878865e+00,9.980446422582788912e+00
-1.183484525647969132e+00,5.019244535786520522e+00,5.156883878125533727e+00
4.536431687172363780e+00,4.245323526127602776e+00,6.213049516451159882e+00
-1.115653851820141718e+01,3.918789373507120644e+00,1.182477322666376551e+01
6.711795838023500771e+00,-6.955154372759158932e+00,9.665525113526964418e+00
1.025353645225353283e+01,-9.415658540622779071e+00,1.392083458458201228e+01
-4.907823764228984587e+00,-1.384030739316602876e+01,1.468471459845430438e+01
1.490206707258750818e+00,-7.720310077428927720e+00,7.862817797838737910e+00
1.177921850251062885e+01,-7.718135496096300230e+00,1.408259933627277682e+01
-3.317603726939854614e+00,1.273177198358314755e+01,1.315691880080431098e+01
1.203463918462020033e+01,-4.009463928650900399e-01,1.204131630320985735e+01
1.010287355940839404e+00,5.117838972448369717e+00,5.216603903832963240e+00
5.353718359021001127e+00,1.019109159265851261e+01,1.151176129520038138e+01
-1.078075950660842963e+01,-1.119754669541644265e+00,1.083875574313252876e+01
-3.515151091931085325e+00,-2.234705169452025686e+00,4.165356454552228804e+00
6.371871385373856223e-02,-1.603467623140458542e+00,1.604733153192419604e+00
-3.191396746727656719e+00,-1.981165765509369514e+00,3.756332118629847283e+00
6.830783438284605324e+00,5.006899985990999724e+00,8.469276819803443601e+00
4.105880838638686470e+00,-6.837434900349852462e-01,4.162422686521101589e+00
7.348868494652461614e+00,1.931094756165787185e+00,7.598354763301496284e+00
2.633354034940971200e-02,-1.421526174297684353e+00,1.421770065643789049e+00
7.016409733543733651e-01,-9.574655248598631374e+00,9.600329326903686677e+00
-8.492572630739136486e+00,2.617523271295964626e+00,8.886800209532978556e+00
-6.511142172817417695e+00,6.873724523042010759e+00,9.468001965214764226e+00
-6.041436831538989694e+00,-5.188488759001942618e+00,7.963628230383773321e+00
1.221258752024668048e+01,5.756973661643350226e+00,1.350148286969028533e+01
4.728087135611279024e+00,-2.510697966130619907e+00,5.353355231914401990e+00
3.012964319413141467e+00,-6.889247112322642863e+00,7.519287184614148245e+00
2.053109840640558303e+01,-8.242337575161043928e-01,2.054763643489291880e+01
-1.393585028279128579e+01,1.264881775795732821e+01,1.882021556142199259e+01
1.226903030665953231e+01,1.627546918535793363e+00,1.237651055983735127e+01
-8.336602929937582118e+00,-2.321855321647174009e+00,8.653898574983715619e+00
-3.229654337392854568e+00,6.147201187422645319e+00,6.943972175757248344e+00
-4.101411593603691230e+00,6.611832694817574740e+00,7.780611071400844736e+00
5.424048692591957099e+00,-1.210917149610309274e+01,1.326847159780071017e+01
3.554402854340096063e+00,5.708502137129404019e+00,6.724639492236888394e+00
1.544552449319868348e+00,4.167009455886949709e+00,4.444053338355791638e+00
9.981769397794471033e+00,1.489244694727095464e+01,1.792820951428296183e+01
-1.115461304643992690e+01,-5.258418503833438784e+00,1.233192431769128738e+01
3.509060371694047831e+00,-8.734616390980728395e-01,3.616136049316930556e+00
-8.343641366308935048e+00,-3.005062644652594539e+00,8.868300443031239766e+00
5.593832699719718526e-01,2.082432713979879058e+00,2.156255006018105824e+00
2.177911582522021305e+01,-8.513879707961255150e+00,2.338409788317676430e+01
6.818989994971283997e-01,-7.392359334122582393e-01,1.005711693659309791e+00
-3.748727797786229221e+00,-1.913315215248675649e+00,4.208768847869562180e+00
-1.612591938088045396e+01,2.423080267961225331e+00,1.630694925066116951e+01
-8.170915897475005352e+00,9.340054510492109330e+00,1.240969318164529689e+01
9.560149559261690300e+00,-9.658940048838406511e+00,1.359012812531603664e+01
3.065910507931080886e+00,-3.484113633098497420e+00,4.640997204371601903e+00
-3.749726006909359199e+00,-6.516993163410070622e+00,7.518752889863185906e+00
2.605821274781248587e+00,-3.193032785435749310e-01,2.625311238651761858e+00
-1.259571944944528177e+01,-7.109405344475578481e+00,1.446360234523861976e+01
2.059582999797516134e+00,-4.313364705306162783e+00,4.779853262814231840e+00
-3.221763508169001033e-01,-1.947172048744914674e+00,1.973645507288267487e+00
5.733724648619306308e+00,-1.209236301689710125e+01,1.338285626010402041e+01
3.881042859762126263e+00,8.008260947914415340e+00,8.899142491791087295e+00
-1.260941674269600554e+01,-8.482906408982129776e+00,1.519727250971477517e+01
3.529372528608339721e+00,5.953233396098047692e-01,3.579229012563934553e+00
5.675516195328836666e+00,1.256880048054009080e+01,1.379080235530422982e+01
6.770308405931714013e+00,4.085290376725133399e+00,7.907380942739044016e+00
5.645810153313719049e+00,3.771161355451559949e+00,6.789464651657856287e+00
-4.309197945499021465e+00,2.170799405724716191e+00,4.825096578659101354e+00
5.865360427930973453e-01,1.526238103876309182e+01,1.527364722330231572e+01
8.772292941688210277e+00,3.491426181040918397e+00,9.441566619605602284e+00
8.903907363100589833e+00,-7.011382489355004743e+00,1.133309537340575268e+01
-1.875668743581247577e+00,4.098435738727999933e+00,4.507250685299252879e+00
6.443064254943259961e+00,4.402587761211139039e+00,7.803579690660796153e+00
7.933283651732527808e+00,7.881532208089572222e+00,1.118282341119629208e+01
4.066001320467647950e+00,-4.261139668732625729e+00,5.889794394925127463e+00
1.126106739110468702e+01,-4.004785698803567939e+00,1.195198507697959478e+01
2.706953242525993897e+00,2.820536051664022104e+00,3.909350262634248008e+00
-2.754795411952485118e+00,5.549979054585979732e+00,6.196060463557271802e+00
3.635781448875273103e+00,8.259129250260253130e+00,9.023974884522344198e+00
-3.438130535267004184e+00,-4.993076123395034038e+00,6.062305728974163088e+00
-2.306648357228557433e+00,3.077380325346518730e-01,2.327086019160766295e+00
9.402867909658763068e+00,-9.954124948667725903e+00,1.369301020302620664e+01
-3.106896012943413776e+00,-7.710539092993054844e+00,8.312954705748001771e+00
-1.374347518781866029e+01,-1.303125748940550555e+00,1.380511669475267489e+01
-3.193094909254761138e-01,4.456027437393728974e+00,4.467453309638591996e+00
2.225248716883975852e+00,3.804396363097399369e+00,4.407398727088633450e+00
-6.411913710733092131e+00,1.604091981636261544e+00,6.609519537715033977e+00
-4.885984643618952461e-01,6.623579524913585370e-01,8.230713921679863043e-01
3.511625538607680674e+00,-3.963073280189654213e+00,5.295041430201926858e+00
1.378978168481008026e+01,3.080614618530934656e+00,1.412969445326508300e+01
-7.086126141365594933e+00,-4.080066567667728350e+00,8.176804197725708434e+00
4.209139730816177760e+00,-2.924576482124697119e+00,5.125427286903224910e+00
2.485187018865281150e+00,-7.952065955846682854e+00,8.331356881377265822e+00
-1.463064115547619437e+01,7.414377581463851286e+00,1.640209302317321871e+01
1.380444165656001232e+01,-1.219495354282668975e+00,1.385820256629575908e+01
-1.127757345351700247e+00,-1.849624270540125126e+00,2.166320976255781794e+00
-2.862835240713321738e+00,-1.197130774250153706e+01,1.230886000737466190e+01
-1.059957788760614861e-01,-6.212976730796828662e-01,6.302744669695666824e-01
-1.080570828904718184e+01,4.269362782413534951e-01,1.081413918042770383e+01
-1.513833147242381116e+01,-1.510091476156315338e+01,2.138239243875608153e+01
8.374797234772074717e+00,1.507152542358006997e+00,8.509332377424341232e+00
-2.770738164905823808e-01,6.468357303630470900e-01,7.036805822665234134e-01
-9.544674217227489876e+00,-1.824477050864555805e-01,9.546417813928872675e+00
-2.508153459111813088e+00,-4.276289428439282503e+00,4.957568461477473321e+00
-9.394393725121494398e+00,2.450300919013161050e+00,9.708687246807308213e+00
-3.369543325863812999e+00,-1.759794033977760463e+00,3.801407274536245495e+00
5.723356755446453725e-01,-1.557206440338130937e+00,1.659053954316042967e+00
-5.185718344563384541e+00,1.244285281645843533e+01,1.348021739294989274e+01
1.626255761979862768e+01,-3.131182346796608673e+00,1.656125246550396568e+01
-3.864354855302607028e+00,6.945196978425911105e+00,7.947892772102378878e+00
-1.311149423851180051e+00,-8.749279451410691522e+00,8.846977095626655796e+00
-7.859584887794273556e+00,7.903508540342054633e-01,7.899223321372597084e+00
-6.930520324739183557e+00,1.469873786922165859e+00,7.084676486693222586e+00
2.790001782447920853e+00,-3.256916569293889285e+00,4.288544681521186064e+00
-2.724572759053557558e+00,-1.646901997637099324e+00,3.183643024774885699e+00
-1.361916656429074113e+00,2.187663965732113081e+00,2.576953745417582375e+00
-1.601638065262106503e+00,1.086456152842920275e+01,1.098198259410023070e+01
6.273427772185530493e+00,8.602559925399390295e+00,1.064706219024366796e+01
1.702656019001683285e+00,8.269458542793042710e+00,8.442924973610479000e+00
7.851859646520868097e+00,1.747620389120451634e+01,1.915905536177644208e+01
-2.264959539997336346e+00,6.542705962828775590e+00,6.923658211802497853e+00
1.308965396581815765e+00,-7.298022964746211372e-01,1.498666674543816413e+00
-4.458589268465684707e-01,7.338111217370101969e+00,7.351643790414610358e+00
-3.472607644737661037e+00,-5.573334097512603336e+00,6.566662532579778500e+00
1.479467771873246562e+01,3.035186365670122566e+00,1.510280917827900993e+01
-1.426164461703873698e+01,-1.675199410028606906e+01,2.200054120967775972e+01
-6.427861235266683515e+00,1.006292990855660108e+01,1.194068500565889224e+01
-6.112173746888339920e+00,-2.232681365436087195e-01,6.116250205227603765e+00
5.574014916194488301e+00,1.635219438981994511e+00,5.808922869137034262e+00
9.152512937628635825e+00,-7.782678558782905931e+00,1.201409915985375676e+01
-2.070095871737271054e+00,-1.098077625506852062e+00,2.343303520635442450e+00
-1.492923781841441766e+01,-1.902735837312011125e+00,1.505000151180612811e+01
-1.081058576089628076e+01,8.843477835189389680e+00,1.396695617216505170e+01
-7.260324545173273414e+00,2.231026906308184898e+00,7.595379750737718538e+00
8.495622666984972149e-01,5.301966383596534715e-01,1.001431235944718168e+00
8.518671140862275060e-01,-8.559742204095172724e+00,8.602026748425611657e+00
1.611381784014433549e+00,-6.711930572024641606e+00,6.902649002921456223e+00
-9.462812836326278898e+00,-9.507954167471366347e+00,1.341439596948284141e+01
-2.885259148956518249e+00,-1.175224996480121931e+01,1.210124372086636235e+01
1.397013293703652792e+01,1.113837570492657747e+01,1.786695350703559271e+01
-4.535364498594995020e+00,8.186334873033151993e+00,9.358718383868302126e+00
-1.789750851469856485e+01,6.560469430353937925e-02,1.789762875382161411e+01
-3.659124782878603099e+00,-1.886331843943161335e+00,4.116727098333138990e+00
6.314537871937886404e-02,-6.953717819379916065e+00,6.954004519010279495e+00
3.531902747231850270e+00,7.432421301131483915e+00,8.228926018224790084e+00
4.085967985704019867e-01,5.785502488484296713e+00,5.799912963834886526e+00
-2.417287890892534818e+00,-4.776139346758880855e-01,2.464020255203325682e+00
-9.373500995635014377e+00,3.330014494048695539e+00,9.947437732690010748e+00
1.222607070200004253e+00,3.399778166608667274e+00,3.612929508065723105e+00
-1.107512312066598614e+00,9.503559588886828502e-01,1.459369716683997398e+00
-1.076160811121475902e+01,-1.773866112139092976e+01,2.074782657337653191e+01
5.496390184637371945e+00,-3.870793707819596641e+00,6.722599868374870447e+00
-7.791790516639414577e+00,4.847199133764035217e-01,7.806852941462106621e+00
8.611219029317043194e+00,2.610362717623311291e+00,8.998171296904150296e+00
2.360682080084969936e+00,-4.146426598393567531e+00,4.771338744954078059e+00
9.371194633901061000e-01,4.080443617433429537e+00,4.186670873584138697e+00
1.056986226086489467e+01,-7.243216914757463876e+00,1.281351550074703560e+01
-9.608650855586133854e-01,-3.267786942563350561e+00,3.406125836582244215e+00
-9.207630911155895603e+00,6.948605155804377986e+00,1.153531883423014648e+01
-5.575232665439355806e+00,-1.151964516145045536e+01,1.279786872567111899e+01
3.799034128324909609e+00,1.435568589785658045e+00,4.061221181388251722e+00
-6.349012059395532148e+00,-1.223808688161140168e+01,1.378697663203281820e+01
8.588399838800082620e+00,5.748849497787237084e+00,1.033488666310907611e+01
-5.336991875880167768e+00,-1.676877244406036471e+00,5.594229131526317289e+00
-1.017133816454682282e+01,7.508280901516219963e+00,1.264240491969941438e+01
2.017043753275834517e-01,-2.312843561345831578e+00,2.321622276401818397e+00
5.829810681703840203e+00,-5.941425120650317027e+00,8.323894824467860332e+00
1.677126810469494522e+00,1.545022624563083813e+00,2.280317795573103989e+00
-1.880361832913605724e+01,7.702045327661097396e+00,2.031988101582210504e+01
-5.869924325008617494e+00,-2.575561752337520716e+00,6.410111537362809031e+00
3.816978637844561817e+00,2.135163098276693372e-01,3.822945871487609004e+00
-6.100608513585151771e-01,-1.340379033829518463e+01,1.341766632747049748e+01
3.094396855583426142e-01,-9.410731973776658155e-01,9.906420553464653223e-01
-2.928899850097007818e+00,-6.869594515843004068e+00,7.467916921337472758e+00
-4.985346416276929205e+00,-1.103938863055866637e+00,5.106110055967291395e+00
7.244378709872327349e+00,1.014522741621871837e+01,1.246622084750817194e+01
-3.946199696150080705e+00,-4.209299955438472907e+00,5.769809195870285734e+00
-9.176702816863222978e+00,5.080868008424479498e-01,9.190757682923411664e+00
1.291673504829848218e+00,3.592707225814319116e+00,3.817848301530306188e+00
-9.939848827219037730e-01,1.076906071878999072e+01,1.081483586154062948e+01
-3.873130157386674988e-01,-4.849839915460641748e+00,4.865280935131687023e+00
2.615975751571324448e+00,1.559401778957784934e+01,1.581191702338712624e+01
-6.011990802701445702e+00,-3.296617361528755730e+00,6.856509275141366544e+00
3.061751639736318253e+00,-7.052826316714861932e-01,3.141933591590613251e+00
-4.210394152879000096e+00,-1.022258405409322179e+01,1.105570638474080880e+01
8.185495961577471391e+00,-2.183368968519252551e-01,8.188407362700516501e+00
-1.541057144560280978e+00,-8.037407542825518725e-01,1.738061081462608515e+00
1.028243095090620685e+01,-1.813696253357892196e+00,1.044116278771662465e+01
1.469054399360151253e+00,-7.377365842772070081e+00,7.522210287301164477e+00
-3.172388539816693331e+00,2.202204649034438244e+00,3.861833031578292275e+00
3.095548570155572499e+00,6.148349274425521926e+00,6.883648723643664091e+00
8.011408784904457292e+00,-9.852114957689698471e+00,1.269830066813577218e+01
-6.344992118784661628e+00,-7.304984958450184696e-01,6.386904809050414578e+00
4.077906244625328469e+00,-3.712042018650507647e-02,4.078075191257399368e+00
-7.211157402451650711e+00,3.663181738489783568e-01,7.220455670345556243e+00
-6.318996348852575551e+00,-6.851318482308646374e+00,9.320422726616868658e+00
8.582186185367634224e+00,-5.045526620849695831e+00,9.955463756250534146e+00
-8.605649576628575659e+00,-6.391309263044824274e-01,8.629350669470236213e+00
1.018398174116785349e+01,-4.271655558485748294e+00,1.104357393757937444e+01
-1.449665158263935005e+01,-5.189763406630223841e+00,1.539761511810313088e+01
8.779153243036477150e-01,1.601192108835729933e+00,1.826075432736827153e+00
7.058012137893296511e+00,6.096689678979871907e-01,7.084294713594776915e+00
-3.914852061339575418e+00,7.307877158293385911e+00,8.290424308977250689e+00
1.503483153246958359e+00,3.475701012172024651e+00,3.786945882648847128e+00
-8.103716315858946473e+00,1.744378367339015412e+01,1.923423528430364726e+01
-3.928434864576069163e-01,-1.621152165260228539e+00,1.668070846151354258e+00
8.670776958079100538e+00,1.407914186833141512e+00,8.784338074905900129e+00
-1.073816739535513598e+01,-9.272909542316458698e+00,1.418785009755360171e+01
-1.054002487477649375e+01,-3.479302861339736541e+00,1.109944470511178949e+01
-6.896306359006143971e+00,2.049850679627385208e-01,6.899352163453918330e+00
-8.486843805043543298e+00,6.039785881546693602e+00,1.041659883388703456e+01
6.200482052710653669e+00,-6.037681671505077396e+00,8.654454208811509730e+00
5.226035245530804119e+00,-5.165519004370676015e+00,7.348063076215719747e+00
7.840816390299719885e+00,5.858931313187076384e+00,9.788027267996179503e+00
-2.170339089869703031e+00,-2.503837262650075779e+00,3.313543843508257591e+00
2.272896126522687688e+00,-3.391568050152860891e+00,4.082743028991601797e+00
-6.060648546921047597e+00,-8.879859863047748547e+00,1.075097074671225172e+01
1.364508970393083942e+00,7.398724206680807214e+00,7.523496834372148001e+00
5.471450049286282535e+00,3.516109406257468706e+00,6.503828949058171105e+00
-1.401749540434142283e+01,1.111124469974487283e+01,1.788714443918708596e+01
-2.344764512523804800e+00,3.703047605440101808e-01,2.373825232588227419e+00
1.749852202022043945e+00,-1.296723373705298243e+01,1.308476723217828130e+01
5.794485582467169493e+00,-1.861548506816707915e+00,6.086166774633390730e+00
3.129812434112952957e-01,2.301694830348876231e+00,2.322876740333421619e+00
3.084869160618914918e+00,1.371667463051981617e+00,3.376076031035602831e+00
1.127751553395365391e+01,-1.323399096304138922e+01,1.738737684150277829e+01
3.318574975209093836e+00,6.031471114191846894e+00,6.884154535410624831e+00
-1.065348545808202374e+01,2.015980571196683169e+00,1.084255182459404487e+01
-1.441852754139935477e+01,2.666058734762862259e-01,1.442099216953756446e+01
-3.507920401278705302e+00,-7.049525783800937973e+00,7.874091650354444916e+00
-2.522100175539038869e+00,-3.584134380412906662e-01,2.547439790853285313e+00
-2.575678434544155238e+00,-1.824302784274304656e+01,1.842395680274120195e+01
5.076145642346937548e-01,1.118149765953114327e+00,1.227978601167049044e+00
-5.291182185073150634e+00,-1.039518634624531224e+01,1.166432630239742885e+01
6.923629518606750466e+00,7.752734645163126714e+00,1.039430325655526488e+01
3.646318462822170758e+00,-6.524447792323060380e-01,3.704230354913869316e+00
-4.114835663637248508e+00,1.296052046657505397e+00,4.314119081155051383e+00
1.091185331181921514e+00,2.650936429605662781e+00,2.866731480414065558e+00
-1.166051693089393737e+01,-5.885842713630650813e+00,1.306180690200491235e+01
1.236478622568565378e+01,3.392091850267278996e+00,1.282163115705468037e+01
1.223602717861264821e+01,-3.417127751273944636e+00,1.270421674816176605e+01
-1.294452870951003476e+01,-8.181257253030574716e+00,1.531319018857909064e+01
4.154741072085731624e+00,3.935520138778919597e-01,4.173338778927902837e+00
-3.878784090423254227e+00,6.311898155255887488e+00,7.408442774459638613e+00
-3.567383024208025777e+00,1.430776490751117791e+00,3.843610673298439195e+00
-3.765715570543681334e+00,-4.820820557694996289e+00,6.117264470964927980e+00
5.761853659122465388e+00,1.994231481071197409e+00,6.097205654169651545e+00
-5.005901054730701460e+00,1.959404776334851883e+00,5.375715063810374339e+00
-1.960450366670000610e+00,-4.991064806438036072e+00,5.362284358577125154e+00
-1.512094407208468549e+00,1.364926149257314147e+00,2.037020591264980141e+00
-2.034983486823429111e+00,-1.238994981415223684e+00,2.382491627606726947e+00
-1.347579938477399875e+00,9.120865966887868881e-01,1.627228825471724205e+00
1.158232647125496406e+01,1.675511030259377199e+00,1.170288954486259847e+01
7.815158174297476279e+00,3.975908001020271865e-01,7.825265218100561526e+00
-1.929119554628689226e+00,4.804902688676906841e+00,5.177701430529318749e+00
1.442428338186436321e+01,4.447719790149980312e+00,1.509444144087551898e+01
-8.526059991091795354e+00,7.054842433979454874e+00,1.106636800128991638e+01
1.452701559902165318e+00,-1.324265399334026760e+00,1.965711237698837044e+00
1.687052381841071647e+00,-1.092938210880523453e+00,2.010139217039046855e+00
1.583274929115793261e-01,3.943827984744496806e-01,4.249769249549963379e-01
1.477110831411916436e+01,4.549010350329783847e+00,1.545571531812254129e+01
6.180081741783090443e+00,-2.467231951020334879e+00,6.654370280894829293e+00
2.747242502832392574e+00,-1.301557137887597904e+01,1.330234714958169917e+01
3.448979662853660866e+00,-6.581655804812366561e+00,7.430589064656884624e+00
-9.838942197505881282e+00,1.182765241353658681e+00,9.909778866453894608e+00
2.490671197940211190e+00,3.433214048174789701e-01,2.514222067211799416e+00
-7.037105617186586670e+00,-1.608640571736838165e+00,7.218627290314747036e+00
-2.296790327251168051e+00,7.323673671117924222e+00,7.675378938422547037e+00
1.640874242456326293e+00,-1.964006389292672461e+00,2.559255629424122880e+00
3.497388628041008474e+00,-1.270625747383639315e+01,1.317879760095638453e+01
1.284893972421474739e+00,5.276683448036479263e+00,5.430869242685482767e+00
7.446744232172751943e+00,-9.908698927854724392e-01,7.512377972641342438e+00
-5.073609531010475848e+00,6.766390216895509013e+00,8.457277945087271931e+00
1.108954877861846100e+01,-8.466141095409170703e+00,1.395183275275095269e+01
-2.692819161160109331e+00,-9.971304525329539814e+00,1.032851339601050178e+01
2.712772898672445088e+00,-5.347447354764217842e+00,5.996192959849317994e+00
-2.158310385902796558e+00,-1.947198149886675278e-01,2.167076262673997000e+00
-1.661963546707739159e+00,-5.821614869843384277e+00,6.054198751558043767e+00
2.986275592443397464e+00,8.890907538344036354e+00,9.379023337715178599e+00
-2.492272839267737794e+00,1.054729530201329979e+00,2.706266484888431911e+00
4.543771765571894328e+00,-5.583029837667265127e+00,7.198338976867600714e+00
-4.743779507563519182e+00,5.566735587806864061e+00,7.313821786243838829e+00
-9.292617586912591321e+00,-4.521650258938670675e+00,1.033431481428533516e+01
-8.547966204625064179e+00,-3.378973142833449739e+00,9.191582330339100437e+00
2.208914250812399338e+00,-6.592467111188116569e+00,6.952691908860847647e+00
-1.902992302717812390e+00,-7.057787913453596573e+00,7.309839255106429512e+00
-5.505857589074170555e+00,-4.491774244074797195e+00,7.105667009570555415e+00
-9.334357697155088118e+00,1.816535848477808690e+00,9.509470863683395336e+00
9.462047913996686432e+00,-4.421074783147254550e+00,1.044395772516097409e+01
-2.878497165594658291e+00,-7.350811170447450138e+00,7.894312560059393746e+00
2.687882252411138762e+00,-6.643373433952832308e+00,7.166527861229385010e+00
1.425553440249625492e+00,-2.257163900061566864e+00,2.669642575842070542e+00
7.054923682827531017e+00,4.427503667095335160e+00,8.329149830124524811e+00
-3.950973700857216109e+00,9.480977663183349335e+00,1.027127697195665057e+01
5.500137556967676922e+00,-1.025597047523329763e+01,1.163771642266744166e+01
1.975634821166449839e+01,4.261572898728311465e+00,2.021074709731717789e+01
-9.770851108857174339e+00,-3.936876541105335026e+00,1.053416006577463193e+01
-1.035279118159625966e+01,-9.686427234953161047e+00,1.417769931363264746e+01
-4.617047100719116948e+00,-1.517107417671116121e+00,4.859911403205980918e+00
4.945634838829495727e+00,-1.835466513171390757e+00,5.275247982798306090e+00
-2.021468869747749864e+00,-4.803178369720360052e-01,2.077749170586464356e+00
3.293262153069460130e+00,-9.928969510202232840e+00,1.046088003675432887e+01
-1.241617001841613543e+01,-6.337216697851797420e+00,1.393992802713655976e+01
5.085026893666706016e+00,-1.014268361002108243e+01,1.134599177341073073e+01
1.241762362703713762e+00,2.092060339661473201e+00,2.432835841196850701e+00
-8.277336096253247177e+00,-6.857054541533997849e+00,1.074865060535083927e+01
6.131193783516436291e+00,1.083963704522175497e+00,6.226276136162933739e+00
3.380854308290546228e-01,-9.329201009760288432e-01,9.922911232818679705e-01
-1.048689144660790795e+01,-2.711069872315356566e+00,1.083165693998448731e+01
4.929575828928626891e+00,7.931988837853325869e+00,9.339013051548173294e+00
-8.861818241848862243e+00,3.506381100137547335e+00,9.530295429364562310e+00
-9.113046400156198601e+00,-2.293338366901141789e+00,9.397181255913958253e+00
2.597427027062148008e-01,1.153108189720211207e+01,1.153400693564866053e+01
2.990011537531384711e+00,-4.959681226958545519e-01,3.030866769308945496e+00
1.043394422216317352e+01,-1.735550120708283295e+00,1.057730240905982733e+01
-2.647437976474124710e+00,8.020345163275884204e+00,8.445996943958734349e+00
1.315812607417784275e+00,2.163893072249746474e+00,2.532547343283050090e+00
-7.617312740943264160e+00,1.569124622828764304e+00,7.777249222913207305e+00
-7.577716596364505008e+00,-6.793315314472464728e+00,1.017697999293818967e+01
-4.735073260556650787e+00,-3.229556952464105901e+00,5.731575428453143495e+00
-3.812489132004424519e+00,-5.610301388644557408e-01,3.853547482303302463e+00
2.059020358802652773e+00,6.656883046204764121e+00,6.968045402321386916e+00
-1.618485769570155441e-01,2.822189780178148144e+00,2.826826863676831891e+00
1.458484526194437692e+01,-3.328778540177073086e+00,1.495989565085280759e+01
-2.499977339138845789e-01,3.895836771512644070e+00,3.903849768783647534e+00
4.288594163625192301e+00,-5.580267297849688113e+00,7.037856421932087159e+00
-1.965073585003766254e+01,2.681980639288782609e+00,1.983291303862030475e+01
-9.355106887002721194e+00,-9.484332017493409595e+00,1.332180838645025567e+01
2.373518058086958149e+00,5.143321139425244048e+00,5.664568855201909336e+00
1.342988695934022303e+01,-8.255057582661487814e+00,1.576413142021194602e+01
8.665816305738562875e+00,1.207555256809802380e+01,1.486322112025866105e+01
-8.469981381098484974e+00,1.819641371373857064e+00,8.663237230768318753e+00
9.236421747644470770e+00,-5.787426210114883673e+00,1.089980682571413517e+01
-5.950697946693916940e+00,-1.282627879191517550e+00,6.087359060320537196e+00
7.889277178506705068e-01,-1.295268029858511305e+01,1.297668423987221864e+01
4.646245685542750081e+00,-1.152496145359768853e+01,1.242627601002557647e+01
9.743684472554345888e+00,8.480681892888389584e+00,1.291748243540751595e+01
-1.474799800523499460e+00,-1.385920955851758452e+00,2.023811094814238043e+00
-6.023911560721517233e+00,5.649417961130321686e+00,8.258537024857140807e+00
-1.114852901894520443e+01,-8.296221675376919791e+00,1.389665403517181730e+01
5.889514518426393508e+00,-4.481211456298835216e+00,7.400516021117662824e+00
5.804139361901688332e+00,-6.212090443382049187e+00,8.501652863363402091e+00
8.396893048651332236e+00,3.312191335029804895e-01,8.403423051643153840e+00
1.037915344530113160e+01,-1.822915898835317128e+00,1.053801919790113750e+01
3.251266318998474514e+00,-1.394812398171672641e+01,1.432204228755086284e+01
1.125631936651014442e+01,4.489527328524285821e+00,1.211860475939527326e+01
4.051165298581787866e+00,-2.857861565792912284e+00,4.957752818129357308e+00
2.500987089974096023e+00,9.292989241094582908e+00,9.623647201519638372e+00
-3.524752894825672556e+00,2.772259445430877545e+00,4.484340018593893085e+00
-6.738777839707610351e-01,8.380931522483123786e+00,8.407979808032404634e+00
1.087106104307176402e+01,1.452457119518707529e+01,1.814230240642710257e+01
-9.106411727496638520e+00,5.797327562330949036e+00,1.079517213460028202e+01
1.353181151908072977e+01,3.895217751739611600e+00,1.408128702645441166e+01
2.376045779224265964e+00,-7.380323616128608322e+00,7.753371539127678957e+00
1.028009830669576452e+01,-1.270083065299434999e+01,1.633987516694573827e+01
-9.257771484013360919e+00,-8.023027516918272539e+00,1.225052257609603856e+01
-2.859440850686806534e+00,7.150006203007061245e+00,7.700583788364096627e+00
-5.717242792150519115e+00,-9.872141194303454270e+00,1.140815659537772575e+01
1.148685303575097683e+00,4.709587235290816132e+00,4.847647868138073690e+00
-1.656720244567253530e+01,1.192494604131679026e+01,2.041265624469816586e+01
3.868243429921346177e+00,4.045479004640365472e-01,3.889340077300970755e+00
6.596958309194700831e+00,7.868615427865091050e-01,6.643719592274297980e+00
-1.178634317216773830e+01,-1.524982156019697666e+00,1.188458901049100369e+01
1.840709630530540508e+01,1.257303312568984488e+01,2.229130674438988535e+01
2.769651927188880869e+00,1.795197971662909175e+00,3.300561702989917467e+00
4.892547601526356260e+00,3.193411634037499169e+00,5.842508014338307909e+00
7.235403406057758779e+00,6.037324566233236212e+00,9.423393781777113176e+00
9.128413964327471319e+00,-5.730582640714885656e+00,1.077810367857869522e+01
-7.347398054121834221e+00,-9.019453641381478093e+00,1.163334870769130447e+01
8.510386641107066552e+00,3.733565599106289379e-01,8.518572409856119521e+00
-2.763975838304749910e+00,-8.347729566440388993e+00,8.793415226699776710e+00
-5.042010964510011961e-01,5.122089196996771676e+00,5.146845294707567575e+00
-1.775262352943524080e+00,-8.800163886579296602e+00,8.977440662707440566e+00
4.941029151634259264e+00,5.618800275945123879e+00,7.482291468411302660e+00
1.338010582593906150e+01,-5.066847023317938792e+00,1.430734673763917186e+01
-2.116272508545397280e+00,5.998294471069608669e+00,6.360671811380403717e+00
-1.601062067539893619e+01,5.557458367222091411e+00,1.694772308939813499e+01
-5.698703792968954573e+00,1.219508959759214584e+01,1.346088537999261447e+01
8.193222725348737967e+00,1.399118319951155520e+01,1.621363950350029981e+01
1.108591756858249333e+01,6.144927626675837473e+00,1.267508200661794326e+01
-2.114537845832765939e+00,1.274376964538573453e+01,1.291800816984235922e+01
1.363444034695346696e+00,8.126602612866831166e+00,8.240185050300771863e+00
-7.957922296871317691e+00,1.150544053098008668e+00,8.040664083342921487e+00
5.027740616248495442e+00,1.552984123560032792e-01,5.030138497214077020e+00
4.631009589259781123e+00,-8.295370709885844462e+00,9.500496041273214232e+00
1.898988723930254752e+00,5.724004995210425051e+00,6.030786960157699994e+00
-2.976515391946997102e+00,-2.125080962163174991e+00,3.657268512735392552e+00
1.126030163884413327e+01,-5.802348259912463391e+00,1.266734535437733555e+01
-8.778437514758376636e+00,-2.008167608207830579e+00,9.005204181092864246e+00
7.080743394035859062e+00,-3.756917838056252457e+00,8.015694521006132334e+00
1.041446173013985188e+01,-3.465565439991475927e-01,1.042022622435502477e+01
-6.486620171544546842e+00,-1.488325147525783976e+01,1.623537544147511369e+01
-1.550167736939779317e+01,-5.838468926644221346e-01,1.551266832169674004e+01
-2.311498640778243185e+00,-6.570960050768857919e+00,6.965668808888342056e+00
5.665634726054372683e-01,9.116860731137003127e-01,1.073389800771467728e+00
-2.630129477836478991e+00,-5.834498688785898501e+00,6.399918438513787500e+00
-1.226196258061141409e+00,-6.700554037285407993e+00,6.811826603038639405e+00
3.450767419783111301e+00,-2.327529802701999717e-02,3.450845914400531012e+00
-5.453762301813517510e+00,-2.493926632979128755e+00,5.996931990223408171e+00
7.540565459996193098e+00,-5.011117212949838695e+00,9.053807109631270222e+00
4.797780556641420446e+00,-5.040281268888957555e+00,6.958673259982777637e+00
-5.266525239385147827e+00,4.365307187586301652e+00,6.840482069201951454e+00
-2.745862841312299185e+00,-1.386295443502984881e+01,1.413227753799837494e+01
-9.407897420688016155e+00,7.005921274394191656e+00,1.172993890782033688e+01
-8.219707703740811056e+00,-1.461666689697954880e+00,8.348656433625029294e+00
-3.411553555762080414e+00,-6.919592609548944395e+00,7.714885582168879985e+00
-4.260304822253197621e+00,4.149905341132956949e+00,5.947428983928912061e+00
7.491441111700863686e+00,-6.401749280977663270e-01,7.518744168320056431e+00
4.068947051258859027e+00,-5.313414563771136301e+00,6.692436359984559324e+00
-6.485713829095767657e+00,-7.305747810724981584e+00,9.769259692875246870e+00
-1.880220010324239688e+00,-6.253971164037388952e+00,6.530496352333018173e+00
-1.323900535137395451e+01,-5.801725180522058878e+00,1.445445529115545469e+01
7.405072108696356459e+00,3.574312140442982511e+00,8.222578683862550974e+00
-1.494913251796557674e+01,-2.467610450937429256e+00,1.515142449993634877e+01
-2.516303724368574635e+00,-2.522460108293111514e+00,3.562946734263825022e+00
-7.316498005239369107e+00,7.550606598163658312e+00,1.051393375768100569e+01
7.532772480083317568e+00,5.883084106187144613e+00,9.557894111004388904e+00
4.787649175678399871e+00,5.989841477804487724e+00,7.668101822393929901e+00
2.420586459777302579e+00,1.578459088516588160e+01,1.596911231788789998e+01
-1.149924354846351360e+00,-3.948582189927463126e+00,4.112618063044653383e+00
6.460828039486180785e+00,-1.547926085929509732e+01,1.677348549663772204e+01
1.039489342114891990e+01,3.206610107917103214e+00,1.087824239577521368e+01
-9.724005404849391354e+00,6.943749141233565680e+00,1.194872098803558380e+01
1.207446951156625925e+00,-8.020054892708678551e+00,8.110438250915782632e+00
2.622140634038992779e+00,-2.339327301763193478e+00,3.513982602326464644e+00
6.017285348235419384e+00,-4.060215072433702943e+00,7.258999200751193648e+00
-4.299420310081303320e+00,2.974629693519561524e+00,5.228138943860223264e+00
-1.638973793678586688e+01,-2.344317637220832307e+00,1.655654960493588135e+01
5.379586325140484071e-01,4.139676227658469543e+00,4.174484250795186036e+00
1.096514653664897487e+01,3.850890896254264284e+00,1.162169519756214164e+01
1.544851568837795419e+01,3.712876999630725372e-01,1.545297678540298847e+01
1.303389675978089457e+01,-5.519138095536331612e+00,1.415426967604571651e+01
1.290271541280971546e+00,-3.691801989954769381e-01,1.342048683755516336e+00
1.786877407822538899e+00,-6.079837436725309407e-01,1.887478504025055681e+00
1.889259036970652339e+00,3.815074007952622415e-01,1.927393993359124647e+00
2.975797940565342969e+00,-2.826203035629886173e+00,4.103997682952138071e+00
7.841615237059134103e+00,-1.337207122837909434e+00,7.954813160310330034e+00
1.768035071218681420e+00,-1.013609168615161771e+01,1.028913517663808364e+01
5.084810899279050389e+00,1.670463649979055631e+01,1.746139119519294880e+01
-4.430698612914383716e+00,1.926927968235125910e+00,4.831577547059365152e+00
-7.125473328422354591e+00,-3.265231730022701839e+00,7.837991350135913748e+00
6.543150975014045301e+00,6.065219483279846724e-01,6.571201834948522169e+00
4.273914090147045819e+00,-4.876141265070663700e+00,6.484064719516792863e+00
2.327449137344554941e+00,2.573149565067416322e+00,3.469599136951204699e+00
-3.437280543989122528e+00,-1.036475194189404814e+00,3.590150187144839133e+00
-8.537489981297321506e+00,8.480200000992835996e+00,1.203339217500996483e+01
1.463061299809251459e+01,1.669702583076405844e+01,2.220012406031002072e+01
1.183850086819730052e+01,-1.732370212676040078e+00,1.196458145361029501e+01
-3.316923967306109944e+00,-6.047786397990975615e+00,6.897659379863169349e+00
-1.829867132516000083e+00,-1.898573219761377384e+00,2.636853047376249037e+00
1.204146238720142748e+01,6.572666147971617079e+00,1.371848230363252519e+01
3.121791331579632622e+00,-1.133151138471464314e+01,1.175366884763405650e+01
2.453928378091764007e+00,-5.917822660009362856e+00,6.406433447724588781e+00
-7.457840063119475893e+00,-2.219670060810245982e+00,7.781151173568552792e+00
-5.364541554585364302e+00,7.244203558706348467e+00,9.014254893824940496e+00
-7.702763294167523256e+00,-6.558831545693193377e+00,1.011685888063852978e+01
2.971146751886699189e+00,5.641522420359313728e+00,6.376087220283587875e+00
-5.334669483623991404e+00,4.455719222415416958e+00,6.950692935852605281e+00
-2.906326215829976967e+00,-2.101398072058846989e+00,3.586447536222052701e+00
2.732194171478969480e+00,1.827081415130919595e+00,3.286808708790406097e+00
2.164683073180121153e-01,1.793107058434352918e+00,1.806126089474437313e+00
1.402772343556338974e+01,-1.216270987930175629e+00,1.408035297500510019e+01
-1.916943428552077000e+00,-3.379654074302612887e+00,3.885451552936832087e+00
-1.534782248948527439e+00,9.454115679343740863e-01,1.802598009671493973e+00
-5.091401991512438663e+00,1.279081863524286433e+00,5.249611857344653743e+00
1.002081983349162186e+01,2.183763630113193521e+00,1.025600573944380223e+01
-8.954275180894835984e+00,-6.546948949950325947e+00,1.109241112510913574e+01
8.621747035397607561e+00,-1.460781308124079914e+00,8.744621431059902861e+00
6.947550971103935602e+00,-9.484434214306698863e+00,1.175682596884034758e+01
-9.874518045918469156e+00,-1.026838655359642694e+01,1.424590709829491253e+01
2.697717916087406298e+00,-1.399593164667750145e+01,1.425355340303770646e+01
1.745625459584477790e-01,-2.120530725119336424e+01,2.120602574034006338e+01
1.029896509597344334e+01,1.460186394897728057e+01,1.786849497950293753e+01
4.716798697157903675e+00,-1.160571620268335913e+01,1.252760306390402789e+01
1.624689012848928860e-02,4.252774832528298354e+00,4.252805866439819837e+00
-1.138756744560597411e+01,-7.478869417169866196e+00,1.362388270968682669e+01
-2.848544337325749964e+00,-1.281644881573544303e+01,1.312918752581731674e+01
-1.250028854321084459e+01,9.520302712632435771e+00,1.571284116268235032e+01
-4.318839441905232057e+00,-1.392179509687331418e+01,1.457630792911161599e+01
-1.020169018983187570e+01,-1.041420761640938508e+01,1.457841565489855284e+01
-9.988848739884442551e+00,-1.157405039954062254e+01,1.528841855128899319e+01
-1.834146430414773210e+00,5.865933798592514847e+00,6.145996457668460700e+00
1.225131604843680222e+01,8.232766856862010485e+00,1.476052827774570986e+01
-5.771974450371387455e+00,5.528997835716279674e+00,7.992840929425242713e+00
2.137184233218399232e+00,-9.424439560913556946e+00,9.663726894114393673e+00
1.033651215462657369e+01,1.443588603043738816e+00,1.043683053314466136e+01
-2.234265273117153949e+00,2.783809977560716575e+00,3.569529282948084692e+00
1.355948119548092201e+01,1.211828019127772826e+01,1.818549545887917063e+01
-3.892565595391127564e-01,-8.502134596172592040e+00,8.511040674358167024e+00
1.297879390530862320e+00,-7.412607189786952766e+00,7.525372832122404709e+00
-4.586854709653748197e-01,-6.253469976515612316e+00,6.270269460593930866e+00
-3.428828134595775623e+00,-9.214546243161012562e-01,3.550484614988364207e+00
7.593394686512345615e+00,1.254973907691611856e+01,1.466818304234813475e+01
3.960071499611079293e+00,1.013344658086492167e+01,1.087974751036414922e+01
-1.177470306087272611e+01,-4.244616574491170802e+00,1.251640531607101359e+01
-6.836561653306655550e+00,-1.038535603501399862e+01,1.243359140447621236e+01
-4.027533587396127324e+00,-6.893084119915674712e+00,7.983460119637197039e+00
-3.833007306661332159e+00,1.095648754309180539e+01,1.160760803502793514e+01
-5.627790427956480990e+00,-4.142799692223201546e+00,6.988191067142000001e+00
-1.758745864860402630e+00,-3.575333051630649184e+00,3.984494126893161070e+00
-3.774725652208373194e+00,-3.919446353429312246e+00,5.441563513076941305e+00
-9.630212168559108221e+00,3.309082643211737063e-01,9.635895738895266405e+00
1.008313047494515224e+01,3.524518310827792877e+00,1.068137395179702764e+01
-9.381318142716379427e+00,6.475841079537966172e-01,9.403642659721487718e+00
4.515322120940474804e-01,2.665684009441729785e+00,2.703655410134930381e+00
-1.031901334942799897e+00,-4.241262772744182286e+00,4.364989149187246120e+00
-4.150785276908508514e-01,1.688618987493995505e+01,1.689129061607415139e+01
-1.052227915957120619e+00,-1.487743526092558444e+00,1.822241582927407677e+00
1.767940121222724059e+01,5.600363218917014052e+00,1.854522298077595366e+01
-2.110758228614363352e-01,-3.581738277980925034e+00,3.587952354052432735e+00
6.442278523906186827e+00,-6.794097273307008855e+00,9.362836660902539521e+00
1.059114922711212436e+00,-1.746773733991812572e+00,2.042778230076205848e+00
-4.663491281144432898e-02,4.437370572222305576e+00,4.437615622191430909e+00
7.137591672176768487e-01,3.460679485018125501e+00,3.533518734464640154e+00
6.700874609358874245e+00,2.666908702080266647e+00,7.212081707494855110e+00
2.929046354332082824e+00,-4.782688321833010292e+00,5.608334880303058156e+00
-1.652540788098970648e+00,2.319811177491401644e+00,2.848230144413335552e+00
-1.607008220255074615e+00,1.406653870393568262e+01,1.415803611131458872e+01
1.145632638487496813e+01,2.674777901621343101e+00,1.176443160802017829e+01
8.234405373653265414e+00,4.663622091436184114e+00,9.463339942609131583e+00
1.916316428706808184e+00,4.590603219285317671e+00,4.974525763511969068e+00
-8.769622162431873758e-01,2.663247189195239617e+00,2.803916603516321882e+00
-2.677263489138844044e+00,-4.639785376838402087e+00,5.356803910299439586e+00
-3.111985592896436614e+00,3.132081698429301841e+00,4.415245190930031427e+00
2.857059090327143114e-01,-7.234598797847336726e+00,7.240238092236355172e+00
1.824826437258850742e+00,-1.324190852117587269e+01,1.336705400637361763e+01
-6.355723902824661486e+00,2.212330867650291299e+00,6.729757365380645062e+00
4.742751400121429484e+00,-3.121058659814598180e+00,5.677560920092137309e+00
-1.099393092987598841e+01,1.286350208229477055e+01,1.692147165916977158e+01
1.641399224791159028e+01,1.719556686365464104e+00,1.650381824645818085e+01
-3.904458549747776175e+00,-1.916078393652810519e+01,1.955455030495490476e+01
-1.867701561524608866e+00,-4.686642225376332682e+00,5.045089144068902520e+00
4.754113349763806617e-01,-8.551977500527472298e-01,9.784575254548893986e-01
-1.960691906331038581e+01,4.322298732455672976e+00,2.007768765290943946e+01
4.888019224906789972e+00,-6.422917828500604998e+00,8.071344706722003437e+00
1.171850386083741213e+01,1.001257671346967371e+01,1.541346895346977064e+01
-9.748848564414638318e-01,4.567560381748625886e+00,4.670439842695604860e+00
-1.427878261875505750e+01,4.106881819702375758e+00,1.485766170548594189e+01
-5.487179515369410510e+00,6.909785254415720779e+00,8.823506745961642750e+00
-1.229602308730063775e+01,-2.433276967414144121e-02,1.229604716350381821e+01
-8.545718391350916932e+00,-1.254141443313474991e+00,8.637254979685948797e+00
1.565752736343230644e+01,6.497591074442026660e+00,1.695219315921394809e+01
1.164241789599420684e+01,2.374128559454334209e+00,1.188201922577904668e+01
8.008250201711739624e-01,-1.255606819423739573e+01,1.258158055298586397e+01
5.336107408732599922e+00,-1.604512656486674071e+00,5.572118371172391171e+00
-4.132486311241652999e+00,-7.745812420828384059e-01,4.204452308349594603e+00
-9.180632259604074585e-01,-4.545132886428429941e+00,4.636924955415394400e+00
1.304514469225754958e+01,2.917336865567313087e+00,1.336737275717010220e+01
-1.232160093455138394e+01,1.852291926595230009e+00,1.246004955735198472e+01
3.214206717377693145e+00,-3.933037189504152487e+00,5.079360821605273912e+00
-3.521994685749839427e+00,-3.656363603003975005e+00,5.076755003328634608e+00
3.397336653467438072e+00,4.014768908836900962e+00,5.259302779680665729e+00
1.799820218474474265e+00,4.240161982748988478e+00,4.606335469630858270e+00
5.372063325720048077e+00,-6.201221389600477529e+00,8.204523819112527150e+00
-5.579625183755029028e+00,-5.295903772627591266e+00,7.692776739261610430e+00
1.116070730834979763e+01,1.829015462030294970e+01,2.142641229084425802e+01
1.412453305842398521e+01,-1.153095343590330657e+01,1.823363159821658286e+01
-5.295415358892522351e-01,-1.465323423342856479e+01,1.466279945092187198e+01
8.507205862063123014e-01,-2.098084439587021954e+00,2.263997312593899469e+00
7.799425098582777771e+00,-3.439887726799790713e+00,8.524309909980443578e+00
-6.959548034396985550e+00,4.032469568392776260e+00,8.043389811708292925e+00
-7.397921822798425140e+00,1.012823939508616267e+00,7.466931071643752915e+00
-6.742086857206464501e+00,1.440801456576588713e+01,1.590743910619927881e+01
5.460274775869790043e-01,-5.247921598295230972e-01,7.573326992138491587e-01
-9.437750312517405149e+00,-7.417626089584540949e+00,1.200384554075516341e+01
3.629107742771751077e-01,-1.583927483005417081e+01,1.584343180539096529e+01
-1.206672161029151980e+01,5.082368041610398457e+00,1.309336608098387700e+01
-8.436174820351478587e+00,-8.115115635713889830e+00,1.170573139024385512e+01
1.812878756618653053e+00,-4.056310100553843334e+00,4.442992349538126717e+00
-2.052646696307356322e+01,2.199487967639507602e+00,2.064397232380293090e+01
-1.008711881189669235e+01,-1.075341475642305689e+01,1.474401216931732250e+01
-9.794352775649753928e-01,-1.248066244278688686e+01,1.251903464623889839e+01
2.420662289718139348e+01,1.048913940197926742e+01,2.638148285219200062e+01
-3.015404249046880203e+00,4.064133180559502456e+00,5.060616691125171762e+00
-1.069515683920906746e+01,8.985571718611927494e+00,1.396878229931295756e+01
-7.978025246071038801e-01,9.878707774408827191e+00,9.910870605574208625e+00
-4.817278520018298593e+00,5.278982012535616164e+00,7.146595233263478342e+00
1.282465271633142834e+01,9.688907850774340247e+00,1.607316560716350295e+01
-2.718400058567802091e+00,4.245234224973804871e+00,5.041003124707459371e+00
-6.133960555894978128e+00,6.223166226436811499e+00,8.738035819515689084e+00
-1.490870558488663988e+01,2.123673390959400997e+00,1.505919954341196387e+01
1.279043284686350823e+01,-9.157864754852473865e-02,1.279076069117125414e+01
-3.032122204763601836e+00,3.869821999743388918e+00,4.916226944956711975e+00
4.389924214490141807e+00,9.209463064096910401e+00,1.020223723199632992e+01
6.601893091747958131e+00,-3.828987961171603782e+00,7.631915958765956631e+00
-7.144122583003352567e+00,-8.673984774780546525e-01,7.196587218932995356e+00
-6.702057271742587474e+00,5.606584218219366811e+00,8.737926428490009556e+00
6.071595472418191974e+00,3.824291228507321616e+00,7.175616696920698701e+00
-2.412083984080988230e+00,-8.006809169524320424e+00,8.362245046842309293e+00
-3.911878441659625505e+00,3.177384740816406872e+00,5.039699071719886625e+00
6.763985967223018925e+00,4.876520517880137184e+00,8.338582524991634770e+00
1.249402411605817953e+01,-6.482448240132483441e+00,1.407560918037439990e+01
-9.485227555962524093e+00,-4.606187111299298031e-01,9.496405182248375709e+00
-1.491066831964467987e+00,1.083158071672750111e+01,1.093372860100192945e+01
9.947926260167783141e+00,-1.419931279702893967e+01,1.733729277556347981e+01
-1.325606000853395550e+01,2.444796241384545432e+00,1.347962000991649845e+01
-1.380780067509922659e+01,-6.170858861132254347e+00,1.512398289364561244e+01
-2.535737469958668111e+00,6.380355586032965265e-01,2.614776068919594465e+00
7.633277938501163540e+00,2.471697467139070792e+00,8.023479323552237474e+00
-8.908570427570071004e+00,4.540865657207100448e-01,8.920135742921406319e+00
1.339978816935138317e+00,5.232793693049202055e+00,5.401636146932742299e+00
1.075589769276497965e+00,2.332933318747572926e+00,2.568943600294649521e+00
4.536424803676732509e+00,7.190036852200030637e+00,8.501516331538038429e+00
-9.421578875799157871e+00,7.641725461159547539e-01,9.452518616386971217e+00
-5.454307746717764971e+00,-5.252283482385415425e+00,7.572050896239677087e+00
-1.322436807387974644e+00,9.322662333743256369e+00,9.415990234623746957e+00
9.659556805160902648e-01,-7.210065729199987006e-01,1.205371666713277445e+00
-9.881875118607695185e+00,-2.198514997894183587e+00,1.012348379046084723e+01
6.556047961049328299e-01,8.042779723114433565e+00,8.069456197490415761e+00
-1.321817287441066080e+00,-8.457706810883834692e+00,8.560374141370742151e+00
1.207261894049574735e+00,-6.278044341579750665e+00,6.393068280228648703e+00
1.144915413929316017e+01,5.041309817089674183e-01,1.146024775264533879e+01
9.475627735835441712e+00,7.958405690409563249e+00,1.237431784468449791e+01
5.729421916311949303e+00,-1.355698922104553672e+00,5.887630683263950893e+00
5.043968354124439557e+00,-5.223082896013768739e-01,5.070939035996698152e+00
7.191632867242866212e+00,-7.326965603347683320e+00,1.026664542340135178e+01
-9.781109819789810089e+00,2.014501454881086673e+00,9.986407032487042201e+00
9.690815273307174849e+00,1.252041494245733633e-01,9.691624050714965577e+00
-1.709493312130382803e+00,-1.473969418837118717e+01,1.483849561616412238e+01
1.035184318914990298e+00,6.084469849190798918e-01,1.200755723527733743e+00
-2.633325392832658096e+00,1.912882875202569055e+00,3.254769349551596136e+00
-7.382035480112043579e+00,4.351837859166770572e-01,7.394851773846303544e+00
-3.076062941554791763e+00,-1.592035496592023058e+01,1.621480389833030600e+01
-4.684968278125104524e-01,-3.868145582511407277e+00,3.896413674800572213e+00
4.692035322502173145e+00,-1.408436012903164780e+00,4.898865937137965254e+00
-3.107401880984723697e+00,3.647688755618169409e+00,4.791824256774305901e+00
7.049252466548722174e-01,-1.619509186937648559e+00,1.766275632495357684e+00
-5.398029444328134474e+00,-4.718397429641678187e+00,7.169518546309975093e+00
9.202725431376464371e+00,3.955396113651551193e+00,1.001675165815709612e+01
-8.245643570418847546e+00,7.262390856805168049e+00,1.098785506126636946e+01
3.900787561433463058e+00,1.189141649674478662e+00,4.078014401939326738e+00
3.280735444034297732e+00,5.587409755180500426e+00,6.479380589688272352e+00
-4.003221908739894808e+00,2.083684928105393297e+00,4.513039832555066688e+00
5.491127557712220941e-01,1.384548517842698523e+01,1.385636982202019496e+01
-1.728149633964991549e-01,8.768217143827534699e+00,8.769920004930764179e+00
-4.763116918679558331e+00,7.404506341177143902e-01,4.820326744379137551e+00
5.313663227288256685e-02,6.981555064395501553e+00,6.981757272984773444e+00
7.541461545585382176e+00,-1.704973742517769253e+01,1.864315393143144917e+01
4.356266291392512535e+00,-3.707641506451671454e+00,5.720459906501040415e+00
-1.539644321905604407e+00,-2.995994492977242185e+00,3.368454785198419454e+00
-1.428387611060775164e+01,-5.573738229856360249e+00,1.533282996051782909e+01
-1.141819458249627139e+01,1.109093250158747157e+00,1.147193337503730781e+01
5.407942287655840730e+00,-7.315474545578520171e+00,9.097362673523770482e+00
4.449462457407793892e+00,2.224584382207202893e+00,4.974584589032696513e+00
3.113765193565349421e+00,-2.665770615653011877e+00,4.099008008767254907e+00
-9.855593282467294713e+00,-5.213189202670319489e+00,1.114944216596744653e+01
2.985370608151515448e+00,-8.861658974530907784e+00,9.351012642965420341e+00
1.077891666732975118e+01,3.405325114558062527e+00,1.130403837825575408e+01
4.928702234075017508e+00,-5.775512263015077252e+00,7.592670650858867276e+00
-1.989027183980850655e+00,-9.130961103478568930e+00,9.345088539540615358e+00
-9.882565468684376242e+00,3.134737670454577074e-01,9.887535893510502660e+00
-5.316032882478912924e+00,9.181138678500737171e+00,1.060912404685039689e+01
1.162728671729684304e+00,7.047670897004403301e+00,7.142940783497026658e+00
-4.912456238381705198e+00,-6.984548780894894726e+00,8.539095266286452102e+00
-1.165820063833665188e+01,8.410587787996758991e+00,1.437538274493285861e+01
6.417630732089369516e+00,-1.164154464769202413e+01,1.329328951003718906e+01
8.291020469572934815e+00,4.586235252326938405e-01,8.303695319842502087e+00
-5.884842354502637818e+00,-1.068904930917814688e+00,5.981130937263333891e+00
5.194666428219342436e+00,2.143947267216566921e+00,5.619703656339405384e+00
-7.758324445963861393e+00,-8.626545478128463174e+00,1.160210692482443484e+01
-5.845487619372885746e+00,7.159397357730526323e+00,9.242656329980063035e+00
4.734416501301087266e+00,1.315999937722621693e+00,4.913914472584760773e+00
-1.062649246111061174e+01,1.028325665430402580e+01,1.478741726753961316e+01
4.825684057114531633e+00,-7.520417157773373162e+00,8.935541441122721196e+00
1.215378775009152612e+01,2.432608456944372666e+00,1.239484330595074901e+01
3.163758393951709547e+00,-1.322003136357898789e+01,1.359332911502226615e+01
1.549123724343134390e+00,-2.207655082581102768e+00,2.696947399740847739e+00
-3.108930615502991213e+00,6.734709624926403571e+00,7.417665623637138772e+00
-1.191283765636415204e+01,6.970556735686084249e-02,1.191304158865435525e+01
-1.601170991293889401e+00,-9.275162605177892372e-01,1.850414806708474247e+00
7.264737474537391826e+00,4.240455362984794085e-01,7.277102801994938197e+00
-1.651244861245008799e+00,7.543102049575694856e+00,7.721722484141805509e+00
6.140136565753868680e+00,7.721575987030250943e+00,9.865293344325342773e+00
-1.028213701037018257e+00,-7.853066581054782835e-01,1.293804452869535160e+00
2.820297261085182861e+00,1.110101003525131347e+01,1.145366755426553063e+01
-9.892447698305247172e+00,-5.357001952889588026e+00,1.124979961541393969e+01
4.223758039162396338e-01,-8.289363067194429391e+00,8.300116949748415962e+00
7.184739823427250371e+00,1.080729344243232504e+01,1.297759907999866336e+01
-7.271411103170184909e+00,-2.275490991374148564e+00,7.619138972556646294e+00
6.350526890613462427e+00,1.523391942211543082e+01,1.650459005088918829e+01
-4.326998364431625888e+00,-4.709544435619505975e-01,4.352552461912976511e+00
-7.132950337901865723e+00,1.089632019513626426e+00,7.215696671903807591e+00
2.026404044518514969e+00,-1.771699417565132384e-01,2.034134346571779606e+00
6.737095218990141632e+00,-1.326360220301656767e+01,1.487654514292904473e+01
3.825039692447391282e+00,-4.825437903890031244e+00,6.157579038315030395e+00
5.559554359337874452e+00,1.294778756309440304e+01,1.409091364864091567e+01
-1.347307286670289983e+01,-2.428743089786636222e+00,1.369023321450997877e+01
-5.531297010966204297e+00,-7.456139362085620448e+00,9.283817146538714482e+00
-1.293768591486067487e-01,-5.897693388138894655e+00,5.899112278316152924e+00
-1.164479666752304077e+00,-1.083778234176743105e+01,1.090016233740605855e+01
2.266838746744713973e+00,6.399260480731305378e+00,6.788894799891408205e+00
-6.440523543088843894e+00,1.152111191428529402e+01,1.319910463821573821e+01
1.123985204885666889e+01,1.037949334009272739e+01,1.529928612966032375e+01
1.241357676603040616e+01,-3.962932675462988108e+00,1.303079903599093115e+01
-1.215900656865125384e-01,-4.970537461669114698e+00,4.972024416867810714e+00
6.863708674716877844e+00,-4.637078660044495315e+00,8.283296159791932567e+00
-7.579495252470012545e+00,-2.437256238216084281e+00,7.961718800167377985e+00
-3.634593185734023901e+00,-7.306175586604650718e+00,8.160298360236714288e+00
4.690687544553152399e+00,-1.740764656942130895e+00,5.003280047277478992e+00
1.184810603518268302e+01,-1.348698655953357850e+01,1.795205902056841296e+01
2.860677341191737888e+00,3.736814915741260013e-02,2.860921395106702736e+00
9.785535247592882513e+00,2.633595903036331176e+00,1.013373215860634780e+01
-1.299329812685043883e+01,-3.536319632615790631e+00,1.346593304443620731e+01
2.064063242716407842e+00,6.593416284265157579e+00,6.908943144037728246e+00
1.650470169562768596e+00,-3.550447098345751673e+00,3.915319447857137369e+00
-8.284683571378913314e+00,8.866169768220615310e+00,1.213445294344927916e+01
-2.564778812020008125e+00,-2.169146202887560770e-01,2.573935179269629447e+00
3.651096025073151452e+00,-2.590140359056765096e+00,4.476530940797760039e+00
5.096090269590019872e+00,-9.095979447374000770e+00,1.042626386309402342e+01
7.544899015407087184e-01,-2.315569525202021417e-01,7.892234371756527977e-01
6.179825491747888755e+00,5.498005806878483170e+00,8.271536191115080427e+00
-1.040419421723074045e+01,-6.408617201066109992e+00,1.221955939220633347e+01
-7.205429088915458635e+00,-1.050395118817449891e+01,1.273778626445512074e+01
-2.197519612785477694e+00,4.867424765483127302e+00,5.340497757345780805e+00
-2.530943403004016101e+00,3.672267614671170577e+00,4.459957840941126683e+00
5.892856263872279676e+00,1.290604905252762258e+01,1.418773615108865371e+01
9.132401043656750872e+00,-5.802361217571517571e+00,1.081980334947733446e+01
-4.506928570198086348e+00,-8.881898673471935624e+00,9.959946243965893231e+00
-2.781650290624749555e+00,1.464839129424926156e+01,1.491016250242666885e+01
3.508921843498205018e+00,7.639779168424161160e-01,3.591127227097603125e+00
6.493395005338550519e+00,-1.399597463967728395e+01,1.542891716258290558e+01
8.771199397423760757e+00,-3.385589388489294027e+00,9.401922908470281115e+00
2.812547894899354972e+00,1.060145475997217268e+01,1.096819350161362827e+01
-3.061229139498482965e+00,7.242060522085200347e+00,7.862478263884713492e+00
-6.549855327568637975e+00,-1.535137840442806478e+01,1.669027931845418777e+01
-6.042337322167726121e+00,1.136116987934767897e+00,6.148219427211021326e+00
-1.303850557830093493e+01,-5.919910936012987790e+00,1.431949626228907491e+01
-8.294846026448252641e-01,4.682847948716137410e+00,4.755744906617656476e+00
3.579892230671983366e+00,9.809752505863768235e+00,1.044255105850702137e+01
-5.968602380938394347e+00,-7.898216492049608739e+00,9.899799903888355956e+00
-4.131983185549216175e-01,4.485165366561367328e+00,4.504158213901702901e+00
-1.547999528569886429e+01,-1.002377074370620846e+00,1.551241482956418416e+01
6.802069783218775534e+00,8.139128125643161349e-01,6.850591755624784618e+00
2.668974867768026726e+00,-1.003057237772369525e+01,1.037958617043718945e+01
-1.829251908473750854e+00,1.743611433556110368e-01,1.837543020711933206e+00
2.009227727817303411e+00,-2.822520772075582052e+00,3.464624015824520065e+00
-2.855797232595250090e+00,-3.134653679621167477e+00,4.240475389017275276e+00
5.224880609162156908e+00,-1.082355687098524033e-02,5.224891819873599630e+00
3.095942520435019940e+00,-6.720571472906192056e+00,7.399387880918126825e+00
1.627281034569445595e+01,-6.541507050168096526e+00,1.753840560126089088e+01
5.012295443145553087e+00,9.645967055212112840e+00,1.087050072625981301e+01
5.140213397814287211e-01,-2.063979825512334276e+00,2.127023896873897701e+00
-3.597120831277917929e-01,1.134704630772661593e+00,1.190355989544748638e+00
9.472389955198856626e+00,1.302023662460605413e+00,9.561455803430748190e+00
8.007691715260515153e+00,1.194682277900270151e+01,1.438227037430285904e+01
3.195897359048577080e+00,1.072772699098853977e+01,1.119365384147453923e+01
-6.445051668183680249e+00,9.493197243963832577e+00,1.147429670691671433e+01
4.112957723465986426e+00,8.277709255562951896e+00,9.243207871440038303e+00
-6.026019905527707721e+00,8.712196523461795294e+00,1.059317158197845643e+01
-1.126765881421089510e+01,8.483950605632666342e-01,1.129955350145538340e+01
-4.285681989527723168e+00,-5.926070133073436885e+00,7.313369766220447765e+00
-1.162763343171208064e+01,1.821999796850295450e-01,1.162906084148095331e+01
-4.052304717060245309e+00,1.104373999925760241e+00,4.200097076452012246e+00
-3.657842214209045650e+00,-1.224003802947977171e+00,3.857200406211847898e+00
-3.307196553731882371e+00,7.039250756594799263e+00,7.777441755438384341e+00
-7.367578555323813783e-01,9.786077025488467029e+00,9.813771736008632729e+00
-2.194916068388370611e+00,6.863936394966997590e+00,7.206336058041007853e+00
-5.052724213329102376e+00,6.670054335989467731e+00,8.367774305095357690e+00
-3.357925391987150121e+00,4.320236722147272168e+00,5.471755501988540438e+00
2.173472232611982857e+00,-3.507592482396024280e+00,4.126401164270921740e+00
3.584757169075437844e+00,1.092447865075146929e+01,1.149759617276421864e+01
8.032016226878956999e+00,1.265734313694096613e+00,8.131135715366552219e+00
5.896105986330628212e+00,-2.707956450246421731e+00,6.488227334062446339e+00
6.778883676384640289e+00,-4.975124519954717606e+00,8.408634127312758721e+00
-6.438276301043178940e+00,1.048049089371897402e+01,1.230008500384857406e+01
-8.380784878002335292e-01,3.694003569463788939e+00,3.787880399765116923e+00
3.641972613260736402e+00,4.090853302511153089e+00,5.477138418773771278e+00
-2.480090199827627462e+00,8.104488218262904553e+00,8.475469112635787283e+00
1.416471867215714475e+01,-1.293166956243739785e+00,1.422362597364251435e+01
7.346797876072065359e-01,1.277678187100789842e+01,1.279788691033151160e+01
1.925271492162448306e+00,-1.400973307697402914e-01,1.930362033563193247e+00
4.716625387540780423e+00,-1.798015792371705146e+01,1.858850811679623050e+01
2.704351828717821871e+00,-9.154336377264703728e+00,9.545438351464079929e+00
3.731494101199759328e-01,-2.424902637362787772e+00,2.453445186459621841e+00
-5.992464587508474771e+00,2.156239075685854045e-01,5.996342677170664714e+00
1.627085920259625063e+00,-3.276349990404010093e+00,3.658124909229790944e+00
6.053529053907756641e+00,-2.804596298253687614e-01,6.060022410063111487e+00
-3.764883840726062303e+00,-1.704071839218531892e+01,1.745165991119249682e+01
3.620081187189130745e+00,-9.366758569594230144e-01,3.739297990646283765e+00
3.172584382500921230e+00,1.882198523502641052e+00,3.688897253375901908e+00
-6.408025607263941659e+00,1.915106650445914882e+00,6.688080865684309373e+00
-8.537300092201755009e-01,-1.068905894552234948e+01,1.072309824954963453e+01
-3.431887552034828648e+00,-2.901964075066875370e+00,4.494357313653461361e+00
9.263434752979392783e+00,1.949833258924045021e+00,9.466418180088641776e+00
-8.231910933252114537e-01,1.238291990175155899e+00,1.486946747217903875e+00
-1.588968114915597063e+01,7.666779107425629292e+00,1.764260380170400921e+01
4.031407457158147523e+00,-3.552880685471665245e+00,5.373565599378864022e+00
4.012906489408904598e+00,1.397182784828461166e+01,1.453669122994780771e+01
-6.604312147609994188e-01,3.281996553842308373e+00,3.347785950275715905e+00
-3.245339354174223701e+00,-3.405170007720194292e+00,4.703978136134256083e+00
-3.389582563774599322e+00,7.812448201669042191e+00,8.516079899836933365e+00
-7.757298370729763803e+00,-4.880941508354259106e+00,9.165111457069258449e+00
-5.715362924946894019e+00,-6.317176541999239170e+00,8.518925567619604067e+00
-5.644175383730588580e-01,6.418849039902019271e-02,5.680557366340106551e-01
-1.474872230628632153e+00,-1.252230416274548341e+00,1.934768490575191624e+00
-5.275483206979455275e+00,-1.003612970308569885e+00,5.370098887478127914e+00
5.021583310190093741e+00,-4.376426394781879559e+00,6.661036475663769885e+00
1.075224576021319933e+01,7.519491726791040165e+00,1.312072958022158176e+01
-7.381515165597818395e+00,-3.171861174033315578e+00,8.034143977256730906e+00
-2.495048629323737277e-01,-6.176961360818031821e+00,6.181998409063679034e+00
1.233511455854252503e+01,1.846719674816629819e+01,2.220793567416502867e+01
4.850977832407360246e+00,1.415263873549404305e+00,5.053212617957181685e+00
-1.472475088192204318e+01,1.029865254977132771e+01,1.796887678391655641e+01
-2.401541265545975579e-01,-4.105413424024743740e+00,4.112431566198248234e+00
1.653861407661566529e-01,-4.763589447589091641e+00,4.766459587654097163e+00
5.332456773627070490e+00,4.767121036897549402e+00,7.152659520977661778e+00
-1.244370010898530232e+01,-1.473974064945974494e+00,1.253069319497106626e+01
-6.407257585004359157e+00,-1.204395958753549500e+01,1.364221068253910474e+01
-2.927650248834637647e+00,-2.074435494724611306e+00,3.588094006749942722e+00
-8.123618765269688069e+00,-1.281347477325210882e+01,1.517162870651038631e+01
7.653249348907383620e+00,4.405387007151707834e+00,8.830609281319855342e+00
-1.936834459320257906e+01,1.484330422777373037e+01,2.440197640928466072e+01
7.548243334211472089e+00,-9.111517668678162929e-01,7.603037220396481999e+00
-1.289791916957153539e+01,1.339127232038389259e+01,1.859253864493713237e+01
1.646608520961633104e+01,-7.978514493795361595e+00,1.829723081939035723e+01
-1.368864626786324301e+01,4.919409197086078045e+00,1.454577682679963857e+01
2.774738588210832191e-01,3.943195540607687732e+00,3.952946092953636192e+00
-3.862006995196490822e-01,9.047966614460930757e+00,9.056205101294310111e+00
6.585052819700004889e+00,4.147081846118581439e+00,7.782108228278843853e+00
-9.272559062791112083e+00,6.608955528673942759e+00,1.138677499351504174e+01
-1.124562360817397799e+00,-7.297675087004643402e+00,7.383813525466052852e+00
1.209805594640695503e+01,-1.514424581601009567e+00,1.219247470761166241e+01
-2.983893026744055543e-02,6.793037183932165712e-01,6.799587513830200880e-01
-4.146336944733995722e+00,-1.131510259787575201e+01,1.205087784602103795e+01
-1.099061690163324556e+00,7.986031881502365870e+00,8.061305217590813754e+00
-1.696651608112316190e-01,-4.281414426277282637e+00,4.284774878138679632e+00
-7.577385864621042355e-01,2.129228951082225318e+00,2.260040639355916703e+00
8.686244466724101443e+00,-7.376992853573227649e+00,1.139608996530676421e+01
-3.210149829899881180e+00,-1.519968952417316332e+00,3.551811868148259332e+00
3.200892116885187377e+00,6.699420165735023858e+00,7.424819250392215686e+00
-1.130084691098446648e+01,1.788491991194702280e+01,2.115607480517750361e+01
1.485580796491857924e+01,-1.081336205095223058e+01,1.837454296398993847e+01
-1.414282757250745881e+01,-5.545906346289884326e+00,1.519133466643058483e+01
4.294332664219180806e+00,-1.202217472256764452e+01,1.276612619751677968e+01
3.638253000089737288e+00,1.400745210620182313e+01,1.447223546658220528e+01
1.064772124159394728e+01,-1.140778192702861382e+01,1.560485360819932943e+01
4.821221951553916085e+00,-4.104943709158902720e+00,6.332041058103508036e+00
-4.033386259559280873e+00,-1.957500038954230082e+00,4.483303594594884700e+00
-6.870798120735914782e-01,6.631890858076113782e-01,9.549337315716819319e-01
-4.785214506730419259e+00,1.058298366085657172e+01,1.161455212401151549e+01
1.384683813149854670e+00,3.592898490218325414e+00,3.850489426477151422e+00
1.147823739371679608e+01,-4.563297739942981934e+00,1.235206945940182521e+01
4.890412896924234865e+00,2.135883306429178674e+00,5.336490963272188637e+00
-9.685179739897438189e-01,8.548230723807696663e+00,8.602922501882197537e+00
4.439727521987004710e-01,4.718455134837585163e+00,4.739296431346119221e+00
-2.872078813565008382e+00,-2.347863168357686714e+00,3.709622375479690426e+00
3.984971072827448779e+00,6.968985403570149728e+00,8.027873442353545386e+00
5.772886036138459964e+00,1.599291331729533105e+01,1.700292591175897527e+01
-3.079708456677729522e+00,1.089166401439461040e+01,1.131869909400328744e+01
-6.463453012733543446e+00,-1.575136136978295909e+01,1.702590995657222450e+01
-4.195614234932902420e+00,1.713508333738374745e+00,4.532029304645157630e+00
-3.058551208844892066e+00,-4.197809222274868635e-01,3.087223917987276689e+00
-1.159256397379066250e+01,7.639488203363201002e+00,1.388341886913143064e+01
-2.085377404007418889e+00,4.674956168144162483e+00,5.118985650616132865e+00
-8.837115924964954461e-01,-2.351341046387148026e+00,2.511921753386777034e+00
-3.992078277173088718e+00,-1.260444234476185521e+01,1.322152244612937899e+01
1.070526522350694520e+01,6.040800672860264342e+00,1.229202897307260045e+01
-7.281124437031287755e+00,2.137474993802299217e+00,7.588384045148500512e+00
3.272885777785417005e+00,6.041781248616583611e+00,6.871310062176281264e+00
4.290448747380470884e+00,-9.539975121926270063e+00,1.046035734479806401e+01
7.085579527587237081e+00,5.637068223622015317e+00,9.054389841371556003e+00
-1.331383571394215037e+00,-2.299145412919385123e+00,2.656812346389308743e+00
-1.741417300026508297e+00,5.298305823327176256e+00,5.577147910028411815e+00
-1.421048626223935685e+00,-1.031078903221803955e+01,1.040825392008672878e+01
-1.061217525816800311e+01,8.993727741965708233e+00,1.391062192738616332e+01
-1.959515853666720320e+00,-9.973987951082632364e+00,1.016465139732360612e+01
-1.909073918769827349e+00,1.898821082105257219e+01,1.908393862419561415e+01
8.884362721927653084e+00,-1.991034198557042778e+00,9.104730537176893179e+00
-3.985347676503399938e+00,7.352493431291942549e+00,8.363142696367329876e+00
8.332785514125061965e+00,4.663236803458802093e+00,9.548879091785858364e+00
1.661665696912745016e+00,1.357319547451966990e+01,1.367452991067033885e+01
-2.308452861019572033e+00,-1.246155350205275347e+01,1.267356580825115309e+01
-1.344958255652788814e+01,1.917233701645828070e+00,1.358554584886399752e+01
1.427198057450250968e+00,1.929281288755306800e-01,1.440179002103968653e+00
-3.937390262221878601e+00,5.235293028282383965e+00,6.550674405664031141e+00
1.093404392753902599e+01,6.514849212221575314e+00,1.272778758729643123e+01
3.793146475080592328e+00,-6.132880429031919434e+00,7.211115207665113047e+00
2.507616998455830526e-01,-8.006417554096268319e+00,8.010343530751368846e+00
-4.212095905623285397e+00,-5.141307474786922072e+00,6.646412150060235113e+00
1.825324265212957986e+00,1.923068723387716172e+00,2.651415091615661357e+00
2.991757926915972643e+00,-7.992178284775126595e-01,3.096669926004524953e+00
-3.098074537695218567e+00,-6.101120580318588615e+00,6.842641169658283395e+00
-4.239176397269960539e+00,5.005255192314337798e+00,6.559206969395032338e+00
-4.447490802030179324e+00,-1.183451768630124512e+01,1.264262564903034836e+01
-1.306073938155419079e+01,-4.248796134443298733e+00,1.373445236567300753e+01
8.258055689848003977e-01,3.932722946335849734e+00,4.018490339717495807e+00
4.375595373665952525e-02,8.360071445560896208e+00,8.360185952379890040e+00
6.610779669821765125e+00,-6.381138706006234118e-01,6.641505639144009265e+00
9.632560702247870310e+00,-1.780230949307928467e+00,9.795685168244423480e+00
-4.686333080389873729e+00,-2.769334276709313869e+00,5.443429991881363783e+00
-3.115095478176547417e+00,7.798785850269638331e-01,3.211235034303722813e+00
-7.039342751105118090e+00,-9.755998841783455333e+00,1.203045550959797616e+01
3.921725693848166827e+00,2.216298804398063815e+00,4.504654571458856616e+00
-5.470434819232594670e+00,-5.622534926786968867e+00,7.844651433582737532e+00
2.860431403580911081e+00,-1.051696227336771194e+01,1.089901661958690759e+01
-3.398183860657659761e+00,1.328408730161424245e+00,3.648605665895299666e+00
-3.401569177803771549e-01,7.422025769279496643e-01,8.164382364345360577e-01
-1.104491290332729392e+01,7.848126862827662364e+00,1.354928766751680236e+01
5.660820293135748749e+00,1.075326310765472826e+01,1.215226537949306618e+01
6.053454367745089160e-01,1.141796724730564172e+01,1.143400276186638287e+01
1.130319376819855215e+01,3.024746194172874159e+00,1.170090931939077450e+01
-1.369737938046709225e+01,-1.389466478993561793e+01,1.951102025823154307e+01
-6.647389480218236280e+00,2.032606139798672107e+00,6.951206702527506387e+00
6.457586680469525220e+00,7.695347870695600001e+00,1.004583518612547799e+01
4.003707631019029378e+00,-1.643234592261238580e+00,4.327804838469957005e+00
-5.548524609091642468e+00,3.221319050410853535e+00,6.415841469537370223e+00
3.210616906691404981e+00,-2.850763516043812729e+00,4.293589820411257030e+00
4.401638298233999658e-01,-1.275144062653204013e+00,1.348976121954914786e+00
3.950438594042102736e+00,2.353169218575352328e+00,4.598192085651477079e+00
9.847202358674904232e+00,8.263986012260756908e+00,1.285538249541934341e+01
7.196601809771909330e+00,-1.899432820247604070e+01,2.031195661357588023e+01
6.056899317231388302e+00,-6.596380954374232886e+00,8.955348738843685652e+00
-5.570991309360771027e+00,6.607007469179227321e+00,8.642250393662713748e+00
3.303375329061831955e+00,3.226614461425147518e+00,4.617719074102740073e+00
1.414407419480039962e+01,-2.756219822633445116e+00,1.441012083706087843e+01
3.202980224932825415e+00,1.669789545072526860e+00,3.612101804509979086e+00
9.040651960003043275e-01,1.201937762601979109e+01,1.205333034457631669e+01
-1.183700089168992697e+01,-5.085130785416996702e+00,1.288305651678450836e+01
-4.364750874657134183e+00,-5.005514795823310159e+00,6.641252033240892416e+00
1.536439906455269266e+01,-3.641382029320523461e+00,1.579001018676954970e+01
-1.155504802608905379e+01,1.647647692845713152e+01,2.012444848583942303e+01
4.786069144663784414e+00,-7.570577905033331056e-01,4.845574718819690041e+00
-1.653059269504275974e+01,-6.356916454175790543e-01,1.654281108873140482e+01
-1.111581804381999383e+00,-1.554301439817924013e+00,1.910881229604083353e+00
-1.515121060671533293e+00,-5.750507480806804850e+00,5.946757781792147313e+00
-9.858274848732188289e+00,-7.457777321399413850e+00,1.236139254164857704e+01
7.392176427662789706e+00,-4.461288504797759735e+00,8.634081738131394346e+00
-1.295033782330061634e+01,-8.634484421816519983e+00,1.556488261980162591e+01
2.332403503838695880e+00,9.937157158854539318e+00,1.020721306255988026e+01
-4.264077658575663676e+00,-1.918963765994374571e+00,4.675979064705424904e+00
-5.695407199104376872e+00,-1.557364393770437694e+01,1.658240177603974885e+01
-1.183627854581089167e+01,6.005258605331053268e+00,1.327255140245935827e+01
4.075652698072829594e+00,-1.526189349095993464e+01,1.579671921142847779e+01
9.755645125654650585e-01,-1.424933867562888246e+01,1.428269508219475270e+01
-9.496475586588736917e+00,1.019893996742781361e+01,1.393561713832122884e+01
-2.504164239876626397e+00,8.830138011110918228e+00,9.178353656050891374e+00
-4.959361228707507507e+00,-4.956951894028438055e+00,7.011892460421748297e+00
2.354439261367731184e+00,-2.831964635409338626e+00,3.682853232437993451e+00
1.667297884359863813e+00,1.979593097228738108e+00,2.588179102339431381e+00
-1.156558992264702113e+01,6.573614834840888932e+00,1.330320571349908043e+01
-1.343761199466107570e+01,2.049536811685290338e+00,1.359301354599164391e+01
-7.259019238786952322e+00,-7.570363586545423296e+00,1.048826797624717422e+01
7.398320755752237687e+00,7.338745773848458498e+00,1.042076482501034995e+01
-9.113122534962693422e+00,-2.807627855250952376e+00,9.535815461240110480e+00
7.971816958433260325e+00,2.692881813938760027e-01,7.976363942511809135e+00
2.381745039096768046e+00,-1.973613526118648265e+00,3.093195723154380516e+00
-4.108805959637893412e-01,-4.929919054409406698e+00,4.947011698709484762e+00
-1.253396415572135769e+00,5.631566469002066810e+00,5.769362483789477025e+00
6.515193030660714868e+00,-1.773944217130975787e+01,1.889803028826054643e+01
-4.360311077508769451e-01,-1.035691097555859130e+01,1.036608547536496339e+01
2.591168262914196774e+00,-2.018158350779927002e+00,3.284374536431028169e+00
-4.567908663470067410e+00,2.451391045495614485e+00,5.184120717705267722e+00
